{"cameraMode":{"drawMode":0,"name":"Shaded","section":"Shading Mode"},"sceneLighting":true,"audioPlay":false,"sceneViewState":{"showFog":true,"showMaterialUpdate":false,"showSkybox":true,"showFlares":true,"showImageEffects":true,"showParticleSystems":true,"showVisualEffectGraphs":true,"m_FxEnabled":true},"in2DMode":false,"pivot":{"x":-59.133636474609378,"y":15.581672668457032,"z":2.915639638900757},"rotation":{"x":-0.07009689509868622,"y":-0.42798691987991335,"z":-0.03331901133060455,"w":0.9004615545272827},"size":6.9821391105651859,"orthographic":false}