{"cameraMode":{"drawMode":0,"name":"Shaded","section":"Shading Mode"},"sceneLighting":true,"audioPlay":false,"sceneViewState":{"showFog":true,"showMaterialUpdate":false,"showSkybox":true,"showFlares":true,"showImageEffects":true,"showParticleSystems":true,"showVisualEffectGraphs":true,"m_FxEnabled":true},"in2DMode":false,"pivot":{"x":2.525848627090454,"y":9.368867874145508,"z":-5.853121280670166},"rotation":{"x":0.019262630492448808,"y":-0.23445169627666474,"z":0.004621569998562336,"w":0.9719389081001282},"size":6.9821391105651859,"orthographic":false}