{"cameraMode":{"drawMode":0,"name":"Shaded","section":"Shading Mode"},"sceneLighting":true,"audioPlay":false,"sceneViewState":{"showFog":true,"showMaterialUpdate":false,"showSkybox":true,"showFlares":true,"showImageEffects":true,"showParticleSystems":true,"showVisualEffectGraphs":true,"m_FxEnabled":true},"in2DMode":false,"pivot":{"x":181.4392547607422,"y":196.35548400878907,"z":-0.6145909428596497},"rotation":{"x":0.015305317007005215,"y":0.018614165484905244,"z":-0.0002011338365264237,"w":0.9996519684791565},"size":245.35589599609376,"orthographic":false}