{"cameraMode":{"drawMode":0,"name":"Shaded","section":"Shading Mode"},"sceneLighting":true,"audioPlay":false,"sceneViewState":{"showFog":true,"showMaterialUpdate":false,"showSkybox":true,"showFlares":true,"showImageEffects":true,"showParticleSystems":true,"showVisualEffectGraphs":true,"m_FxEnabled":true},"in2DMode":false,"pivot":{"x":0.46077433228492739,"y":6.4381842613220219,"z":0.4276949167251587},"rotation":{"x":-0.00008738190808799118,"y":0.9957370162010193,"z":-0.09468775987625122,"w":0.0037179377395659687},"size":0.8833774328231812,"orthographic":false}