{"cameraMode":{"drawMode":0,"name":"Shaded","section":"Shading Mode"},"sceneLighting":true,"audioPlay":false,"sceneViewState":{"showFog":true,"showMaterialUpdate":false,"showSkybox":true,"showFlares":true,"showImageEffects":true,"showParticleSystems":true,"showVisualEffectGraphs":true,"m_FxEnabled":true},"in2DMode":false,"pivot":{"x":-21.144062042236329,"y":15.785579681396485,"z":-3.965268611907959},"rotation":{"x":0.38018056750297549,"y":0.11350338160991669,"z":-0.047259338200092319,"w":0.9169839024543762},"size":1.8317070007324219,"orthographic":false}