{"cameraMode":{"drawMode":0,"name":"Shaded","section":"Shading Mode"},"sceneLighting":true,"audioPlay":false,"sceneViewState":{"showFog":true,"showMaterialUpdate":false,"showSkybox":true,"showFlares":true,"showImageEffects":true,"showParticleSystems":true,"showVisualEffectGraphs":true,"m_FxEnabled":true},"in2DMode":false,"pivot":{"x":444.2291259765625,"y":341.9609680175781,"z":-35.253265380859378},"rotation":{"x":0.026995502412319185,"y":-0.08245569467544556,"z":0.0018124320777133108,"w":0.9963074326515198},"size":200.9975128173828,"orthographic":false}