{"cameraMode":{"drawMode":0,"name":"Shaded","section":"Shading Mode"},"sceneLighting":false,"audioPlay":false,"sceneViewState":{"showFog":true,"showMaterialUpdate":false,"showSkybox":false,"showFlares":true,"showImageEffects":true,"showParticleSystems":true,"showVisualEffectGraphs":true,"m_FxEnabled":true},"in2DMode":false,"pivot":{"x":-15.647071838378907,"y":-3.6607866287231447,"z":13.884109497070313},"rotation":{"x":0.09980418533086777,"y":-0.8484731316566467,"z":0.17324405908584596,"w":0.48986753821372988},"size":0.38527587056159975,"orthographic":false}