{"cameraMode":{"drawMode":0,"name":"Shaded","section":"Shading Mode"},"sceneLighting":true,"audioPlay":false,"sceneViewState":{"showFog":true,"showMaterialUpdate":false,"showSkybox":true,"showFlares":true,"showImageEffects":true,"showParticleSystems":true,"showVisualEffectGraphs":true,"m_FxEnabled":true},"in2DMode":false,"pivot":{"x":18.89073944091797,"y":4.594785213470459,"z":11.696833610534668},"rotation":{"x":-0.0029037436470389368,"y":-0.9803063869476318,"z":0.01349841058254242,"w":-0.19661124050617219},"size":0.46372631192207339,"orthographic":false}