{"cameraMode":{"drawMode":0,"name":"Shaded","section":"Shading Mode"},"sceneLighting":true,"audioPlay":false,"sceneViewState":{"showFog":true,"showMaterialUpdate":false,"showSkybox":true,"showFlares":true,"showImageEffects":true,"showParticleSystems":true,"showVisualEffectGraphs":true,"m_FxEnabled":true},"in2DMode":false,"pivot":{"x":-43.53539276123047,"y":10.629352569580079,"z":18.183753967285158},"rotation":{"x":-0.0016147117130458356,"y":-0.9982618689537048,"z":-0.02964117005467415,"w":0.049511831253767017},"size":0.46372631192207339,"orthographic":false}