{"cameraMode":{"drawMode":0,"name":"Shaded","section":"Shading Mode"},"sceneLighting":false,"audioPlay":false,"sceneViewState":{"showFog":true,"showMaterialUpdate":false,"showSkybox":false,"showFlares":true,"showImageEffects":true,"showParticleSystems":true,"showVisualEffectGraphs":true,"m_FxEnabled":true},"in2DMode":false,"pivot":{"x":-16.793352127075197,"y":-3.6066739559173586,"z":13.589570999145508},"rotation":{"x":-0.07836223393678665,"y":-0.7926392555236816,"z":0.10427572578191757,"w":-0.5955851078033447},"size":0.38527587056159975,"orthographic":false}