{"cameraMode":{"drawMode":0,"name":"Shaded","section":"Shading Mode"},"sceneLighting":false,"audioPlay":false,"sceneViewState":{"showFog":true,"showMaterialUpdate":false,"showSkybox":false,"showFlares":true,"showImageEffects":true,"showParticleSystems":true,"showVisualEffectGraphs":true,"m_FxEnabled":true},"in2DMode":false,"pivot":{"x":-15.960086822509766,"y":-3.624192714691162,"z":14.305994987487793},"rotation":{"x":0.0011999591952189804,"y":-0.9962280988693237,"z":0.08569677919149399,"w":0.014053876511752606},"size":0.38527587056159975,"orthographic":false}