{"cameraMode":{"drawMode":0,"name":"Shaded","section":"Shading Mode"},"sceneLighting":false,"audioPlay":false,"sceneViewState":{"showFog":true,"showMaterialUpdate":false,"showSkybox":false,"showFlares":true,"showImageEffects":true,"showParticleSystems":true,"showVisualEffectGraphs":true,"m_FxEnabled":true},"in2DMode":false,"pivot":{"x":-0.7986999750137329,"y":2.5460000038146974,"z":10.864381790161133},"rotation":{"x":-0.006822294555604458,"y":0.9886958599090576,"z":-0.1421634554862976,"w":-0.04750140756368637},"size":0.5007026195526123,"orthographic":false}