{"cameraMode":{"drawMode":0,"name":"Shaded","section":"Shading Mode"},"sceneLighting":false,"audioPlay":false,"sceneViewState":{"showFog":true,"showMaterialUpdate":false,"showSkybox":false,"showFlares":true,"showImageEffects":true,"showParticleSystems":true,"showVisualEffectGraphs":true,"m_FxEnabled":true},"in2DMode":false,"pivot":{"x":0.633948564529419,"y":23.53856086730957,"z":13.719578742980957},"rotation":{"x":0.15672235190868379,"y":-0.742957353591919,"z":0.1867932379245758,"w":0.6233745813369751},"size":0.00003468805880402215,"orthographic":false}